Attack Type,Year,Month,Amount,Date
Armed Assault,1997,1,58,1-1997
Armed Assault,1997,2,52,2-1997
Armed Assault,1997,3,44,3-1997
Armed Assault,1997,4,65,4-1997
Armed Assault,1997,5,51,5-1997
Armed Assault,1997,6,69,6-1997
Armed Assault,1997,7,99,7-1997
Armed Assault,1997,8,90,8-1997
Armed Assault,1997,9,69,9-1997
Armed Assault,1997,10,68,10-1997
Armed Assault,1997,11,65,11-1997
Armed Assault,1997,12,96,12-1997
Armed Assault,1998,1,27,1-1998
Armed Assault,1998,2,20,2-1998
Armed Assault,1998,3,14,3-1998
Armed Assault,1998,4,15,4-1998
Armed Assault,1998,5,10,5-1998
Armed Assault,1998,6,7,6-1998
Armed Assault,1998,7,32,7-1998
Armed Assault,1998,8,48,8-1998
Armed Assault,1998,9,19,9-1998
Armed Assault,1998,10,39,10-1998
Armed Assault,1998,11,25,11-1998
Armed Assault,1998,12,8,12-1998
Armed Assault,1999,1,17,1-1999
Armed Assault,1999,2,11,2-1999
Armed Assault,1999,3,42,3-1999
Armed Assault,1999,4,15,4-1999
Armed Assault,1999,5,23,5-1999
Armed Assault,1999,6,64,6-1999
Armed Assault,1999,7,66,7-1999
Armed Assault,1999,8,26,8-1999
Armed Assault,1999,9,17,9-1999
Armed Assault,1999,10,35,10-1999
Armed Assault,1999,11,40,11-1999
Armed Assault,1999,12,11,12-1999
Armed Assault,2000,1,70,1-2000
Armed Assault,2000,2,28,2-2000
Armed Assault,2000,3,35,3-2000
Armed Assault,2000,4,12,4-2000
Armed Assault,2000,5,24,5-2000
Armed Assault,2000,6,43,6-2000
Armed Assault,2000,7,43,7-2000
Armed Assault,2000,8,25,8-2000
Armed Assault,2000,9,66,9-2000
Armed Assault,2000,10,62,10-2000
Armed Assault,2000,11,51,11-2000
Armed Assault,2000,12,34,12-2000
Armed Assault,2001,1,45,1-2001
Armed Assault,2001,2,39,2-2001
Armed Assault,2001,3,54,3-2001
Armed Assault,2001,4,26,4-2001
Armed Assault,2001,5,26,5-2001
Armed Assault,2001,6,26,6-2001
Armed Assault,2001,7,23,7-2001
Armed Assault,2001,8,159,8-2001
Armed Assault,2001,9,49,9-2001
Armed Assault,2001,10,21,10-2001
Armed Assault,2001,11,59,11-2001
Armed Assault,2001,12,55,12-2001
Armed Assault,2002,1,56,1-2002
Armed Assault,2002,2,50,2-2002
Armed Assault,2002,3,26,3-2002
Armed Assault,2002,4,28,4-2002
Armed Assault,2002,5,36,5-2002
Armed Assault,2002,6,26,6-2002
Armed Assault,2002,7,35,7-2002
Armed Assault,2002,8,42,8-2002
Armed Assault,2002,9,19,9-2002
Armed Assault,2002,10,20,10-2002
Armed Assault,2002,11,16,11-2002
Armed Assault,2002,12,13,12-2002
Armed Assault,2003,1,45,1-2003
Armed Assault,2003,2,40,2-2003
Armed Assault,2003,3,36,3-2003
Armed Assault,2003,4,31,4-2003
Armed Assault,2003,5,36,5-2003
Armed Assault,2003,6,16,6-2003
Armed Assault,2003,7,37,7-2003
Armed Assault,2003,8,3,8-2003
Armed Assault,2003,9,21,9-2003
Armed Assault,2003,10,7,10-2003
Armed Assault,2003,11,28,11-2003
Armed Assault,2003,12,15,12-2003
Armed Assault,2004,1,20,1-2004
Armed Assault,2004,2,9,2-2004
Armed Assault,2004,3,20,3-2004
Armed Assault,2004,4,30,4-2004
Armed Assault,2004,5,28,5-2004
Armed Assault,2004,6,48,6-2004
Armed Assault,2004,7,14,7-2004
Armed Assault,2004,8,14,8-2004
Armed Assault,2004,9,22,9-2004
Armed Assault,2004,10,25,10-2004
Armed Assault,2004,11,11,11-2004
Armed Assault,2004,12,18,12-2004
Armed Assault,2005,1,35,1-2005
Armed Assault,2005,2,12,2-2005
Armed Assault,2005,3,35,3-2005
Armed Assault,2005,4,49,4-2005
Armed Assault,2005,5,48,5-2005
Armed Assault,2005,6,52,6-2005
Armed Assault,2005,7,75,7-2005
Armed Assault,2005,8,80,8-2005
Armed Assault,2005,9,34,9-2005
Armed Assault,2005,10,49,10-2005
Armed Assault,2005,11,13,11-2005
Armed Assault,2005,12,30,12-2005
Armed Assault,2006,1,69,1-2006
Armed Assault,2006,2,133,2-2006
Armed Assault,2006,3,24,3-2006
Armed Assault,2006,4,121,4-2006
Armed Assault,2006,5,70,5-2006
Armed Assault,2006,6,32,6-2006
Armed Assault,2006,7,72,7-2006
Armed Assault,2006,8,62,8-2006
Armed Assault,2006,9,32,9-2006
Armed Assault,2006,10,52,10-2006
Armed Assault,2006,11,46,11-2006
Armed Assault,2006,12,26,12-2006
Armed Assault,2007,1,43,1-2007
Armed Assault,2007,2,78,2-2007
Armed Assault,2007,3,67,3-2007
Armed Assault,2007,4,69,4-2007
Armed Assault,2007,5,31,5-2007
Armed Assault,2007,6,154,6-2007
Armed Assault,2007,7,34,7-2007
Armed Assault,2007,8,68,8-2007
Armed Assault,2007,9,24,9-2007
Armed Assault,2007,10,71,10-2007
Armed Assault,2007,11,170,11-2007
Armed Assault,2007,12,40,12-2007
Armed Assault,2008,1,72,1-2008
Armed Assault,2008,2,24,2-2008
Armed Assault,2008,3,45,3-2008
Armed Assault,2008,4,115,4-2008
Armed Assault,2008,5,112,5-2008
Armed Assault,2008,6,122,6-2008
Armed Assault,2008,7,147,7-2008
Armed Assault,2008,8,100,8-2008
Armed Assault,2008,9,61,9-2008
Armed Assault,2008,10,87,10-2008
Armed Assault,2008,11,85,11-2008
Armed Assault,2008,12,123,12-2008
Armed Assault,2009,1,100,1-2009
Armed Assault,2009,2,70,2-2009
Armed Assault,2009,3,106,3-2009
Armed Assault,2009,4,103,4-2009
Armed Assault,2009,5,93,5-2009
Armed Assault,2009,6,94,6-2009
Armed Assault,2009,7,106,7-2009
Armed Assault,2009,8,98,8-2009
Armed Assault,2009,9,89,9-2009
Armed Assault,2009,10,106,10-2009
Armed Assault,2009,11,95,11-2009
Armed Assault,2009,12,55,12-2009
Armed Assault,2010,1,69,1-2010
Armed Assault,2010,2,115,2-2010
Armed Assault,2010,3,74,3-2010
Armed Assault,2010,4,43,4-2010
Armed Assault,2010,5,107,5-2010
Armed Assault,2010,6,78,6-2010
Armed Assault,2010,7,94,7-2010
Armed Assault,2010,8,96,8-2010
Armed Assault,2010,9,137,9-2010
Armed Assault,2010,10,108,10-2010
Armed Assault,2010,11,102,11-2010
Armed Assault,2011,1,106,1-2011
Armed Assault,2011,2,105,2-2011
Armed Assault,2011,3,153,3-2011
Armed Assault,2011,4,128,4-2011
Armed Assault,2011,5,130,5-2011
Armed Assault,2011,6,118,6-2011
Armed Assault,2011,7,120,7-2011
Armed Assault,2011,8,84,8-2011
Armed Assault,2011,9,108,9-2011
Armed Assault,2011,10,131,10-2011
Armed Assault,2011,11,140,11-2011
Armed Assault,2011,12,72,12-2011
Armed Assault,2012,1,184,1-2012
Armed Assault,2012,2,128,2-2012
Armed Assault,2012,3,154,3-2012
Armed Assault,2012,4,163,4-2012
Armed Assault,2012,5,187,5-2012
Armed Assault,2012,6,183,6-2012
Armed Assault,2012,7,182,7-2012
Armed Assault,2012,8,243,8-2012
Armed Assault,2012,9,144,9-2012
Armed Assault,2012,10,207,10-2012
Armed Assault,2012,11,135,11-2012
Armed Assault,2012,12,175,12-2012
Armed Assault,2013,1,187,1-2013
Armed Assault,2013,2,169,2-2013
Armed Assault,2013,3,225,3-2013
Armed Assault,2013,4,226,4-2013
Armed Assault,2013,5,244,5-2013
Armed Assault,2013,6,212,6-2013
Armed Assault,2013,7,331,7-2013
Armed Assault,2013,8,277,8-2013
Armed Assault,2013,9,249,9-2013
Armed Assault,2013,10,247,10-2013
Armed Assault,2013,11,307,11-2013
Armed Assault,2013,12,288,12-2013
Armed Assault,2014,1,354,1-2014
Armed Assault,2014,2,340,2-2014
Armed Assault,2014,3,363,3-2014
Armed Assault,2014,4,330,4-2014
Armed Assault,2014,5,416,5-2014
Armed Assault,2014,6,384,6-2014
Armed Assault,2014,7,444,7-2014
Armed Assault,2014,8,322,8-2014
Armed Assault,2014,9,297,9-2014
Armed Assault,2014,10,301,10-2014
Armed Assault,2014,11,260,11-2014
Armed Assault,2014,12,260,12-2014
Armed Assault,2015,1,286,1-2015
Armed Assault,2015,2,254,2-2015
Armed Assault,2015,3,256,3-2015
Armed Assault,2015,4,304,4-2015
Armed Assault,2015,5,328,5-2015
Armed Assault,2015,6,258,6-2015
Armed Assault,2015,7,302,7-2015
Armed Assault,2015,8,281,8-2015
Armed Assault,2015,9,286,9-2015
Armed Assault,2015,10,304,10-2015
Armed Assault,2015,11,288,11-2015
Armed Assault,2015,12,221,12-2015
Armed Assault,2016,1,236,1-2016
Armed Assault,2016,2,242,2-2016
Armed Assault,2016,3,269,3-2016
Armed Assault,2016,4,204,4-2016
Armed Assault,2016,5,226,5-2016
Armed Assault,2016,6,268,6-2016
Armed Assault,2016,7,231,7-2016
Armed Assault,2016,8,246,8-2016
Armed Assault,2016,9,182,9-2016
Armed Assault,2016,10,247,10-2016
Armed Assault,2016,11,203,11-2016
Armed Assault,2016,12,179,12-2016
Armed Assault,2017,1,215,1-2017
Armed Assault,2017,2,160,2-2017
Armed Assault,2017,3,194,3-2017
Armed Assault,2017,4,198,4-2017
Armed Assault,2017,5,212,5-2017
Armed Assault,2017,6,237,6-2017
Armed Assault,2017,7,215,7-2017
Armed Assault,2017,8,214,8-2017
Armed Assault,2017,9,161,9-2017
Armed Assault,2017,10,206,10-2017
Armed Assault,2017,11,182,11-2017
Armed Assault,2017,12,171,12-2017
Assassination,1997,1,22,1-1997
Assassination,1997,2,36,2-1997
Assassination,1997,3,26,3-1997
Assassination,1997,4,29,4-1997
Assassination,1997,5,22,5-1997
Assassination,1997,6,78,6-1997
Assassination,1997,7,37,7-1997
Assassination,1997,8,51,8-1997
Assassination,1997,9,24,9-1997
Assassination,1997,10,32,10-1997
Assassination,1997,11,36,11-1997
Assassination,1997,12,27,12-1997
Assassination,1998,1,1,1-1998
Assassination,1998,2,2,2-1998
Assassination,1998,4,1,4-1998
Assassination,1998,5,5,5-1998
Assassination,1998,7,3,7-1998
Assassination,1998,8,1,8-1998
Assassination,1998,9,4,9-1998
Assassination,1998,10,4,10-1998
Assassination,1998,11,2,11-1998
Assassination,1998,12,1,12-1998
Assassination,1999,1,4,1-1999
Assassination,1999,2,1,2-1999
Assassination,1999,3,4,3-1999
Assassination,1999,4,9,4-1999
Assassination,1999,5,7,5-1999
Assassination,1999,6,6,6-1999
Assassination,1999,7,3,7-1999
Assassination,1999,9,7,9-1999
Assassination,1999,10,7,10-1999
Assassination,1999,11,11,11-1999
Assassination,1999,12,2,12-1999
Assassination,2000,1,6,1-2000
Assassination,2000,2,5,2-2000
Assassination,2000,3,7,3-2000
Assassination,2000,4,6,4-2000
Assassination,2000,5,14,5-2000
Assassination,2000,6,12,6-2000
Assassination,2000,7,11,7-2000
Assassination,2000,8,4,8-2000
Assassination,2000,9,9,9-2000
Assassination,2000,10,9,10-2000
Assassination,2000,11,11,11-2000
Assassination,2000,12,9,12-2000
Assassination,2001,1,11,1-2001
Assassination,2001,2,15,2-2001
Assassination,2001,3,11,3-2001
Assassination,2001,4,8,4-2001
Assassination,2001,5,7,5-2001
Assassination,2001,6,7,6-2001
Assassination,2001,7,7,7-2001
Assassination,2001,8,28,8-2001
Assassination,2001,9,10,9-2001
Assassination,2001,10,7,10-2001
Assassination,2001,11,8,11-2001
Assassination,2001,12,8,12-2001
Assassination,2002,1,7,1-2002
Assassination,2002,2,4,2-2002
Assassination,2002,3,5,3-2002
Assassination,2002,4,3,4-2002
Assassination,2002,5,8,5-2002
Assassination,2002,6,11,6-2002
Assassination,2002,7,5,7-2002
Assassination,2002,8,7,8-2002
Assassination,2002,9,9,9-2002
Assassination,2002,10,6,10-2002
Assassination,2002,11,3,11-2002
Assassination,2002,12,5,12-2002
Assassination,2003,1,34,1-2003
Assassination,2003,2,11,2-2003
Assassination,2003,3,2,3-2003
Assassination,2003,4,3,4-2003
Assassination,2003,5,4,5-2003
Assassination,2003,6,6,6-2003
Assassination,2003,7,7,7-2003
Assassination,2003,8,3,8-2003
Assassination,2003,9,1,9-2003
Assassination,2003,10,6,10-2003
Assassination,2003,11,5,11-2003
Assassination,2003,12,6,12-2003
Assassination,2004,1,4,1-2004
Assassination,2004,2,2,2-2004
Assassination,2004,3,18,3-2004
Assassination,2004,4,6,4-2004
Assassination,2004,5,5,5-2004
Assassination,2004,6,5,6-2004
Assassination,2004,7,23,7-2004
Assassination,2004,8,10,8-2004
Assassination,2004,9,7,9-2004
Assassination,2004,10,10,10-2004
Assassination,2004,11,12,11-2004
Assassination,2004,12,2,12-2004
Assassination,2005,1,21,1-2005
Assassination,2005,2,6,2-2005
Assassination,2005,3,32,3-2005
Assassination,2005,4,28,4-2005
Assassination,2005,5,36,5-2005
Assassination,2005,6,8,6-2005
Assassination,2005,7,23,7-2005
Assassination,2005,8,33,8-2005
Assassination,2005,9,8,9-2005
Assassination,2005,10,20,10-2005
Assassination,2005,11,4,11-2005
Assassination,2005,12,6,12-2005
Assassination,2006,1,37,1-2006
Assassination,2006,2,6,2-2006
Assassination,2006,3,4,3-2006
Assassination,2006,4,26,4-2006
Assassination,2006,5,7,5-2006
Assassination,2006,6,2,6-2006
Assassination,2006,7,10,7-2006
Assassination,2006,8,9,8-2006
Assassination,2006,9,8,9-2006
Assassination,2006,10,10,10-2006
Assassination,2006,11,19,11-2006
Assassination,2006,12,2,12-2006
Assassination,2007,1,3,1-2007
Assassination,2007,2,2,2-2007
Assassination,2007,3,7,3-2007
Assassination,2007,4,9,4-2007
Assassination,2007,5,9,5-2007
Assassination,2007,6,27,6-2007
Assassination,2007,7,22,7-2007
Assassination,2007,8,7,8-2007
Assassination,2007,9,12,9-2007
Assassination,2007,10,10,10-2007
Assassination,2007,11,24,11-2007
Assassination,2007,12,8,12-2007
Assassination,2008,1,10,1-2008
Assassination,2008,2,11,2-2008
Assassination,2008,3,14,3-2008
Assassination,2008,4,35,4-2008
Assassination,2008,5,28,5-2008
Assassination,2008,6,23,6-2008
Assassination,2008,7,16,7-2008
Assassination,2008,8,10,8-2008
Assassination,2008,9,7,9-2008
Assassination,2008,10,11,10-2008
Assassination,2008,11,42,11-2008
Assassination,2008,12,12,12-2008
Assassination,2009,1,26,1-2009
Assassination,2009,2,5,2-2009
Assassination,2009,3,4,3-2009
Assassination,2009,4,29,4-2009
Assassination,2009,5,11,5-2009
Assassination,2009,6,23,6-2009
Assassination,2009,7,30,7-2009
Assassination,2009,8,20,8-2009
Assassination,2009,9,23,9-2009
Assassination,2009,10,17,10-2009
Assassination,2009,11,22,11-2009
Assassination,2009,12,18,12-2009
Assassination,2010,1,19,1-2010
Assassination,2010,2,27,2-2010
Assassination,2010,3,18,3-2010
Assassination,2010,4,29,4-2010
Assassination,2010,5,28,5-2010
Assassination,2010,6,29,6-2010
Assassination,2010,7,38,7-2010
Assassination,2010,8,45,8-2010
Assassination,2010,9,34,9-2010
Assassination,2010,10,28,10-2010
Assassination,2010,11,37,11-2010
Assassination,2010,12,28,12-2010
Assassination,2011,1,39,1-2011
Assassination,2011,2,28,2-2011
Assassination,2011,3,25,3-2011
Assassination,2011,4,30,4-2011
Assassination,2011,5,33,5-2011
Assassination,2011,6,37,6-2011
Assassination,2011,7,24,7-2011
Assassination,2011,8,19,8-2011
Assassination,2011,9,26,9-2011
Assassination,2011,10,26,10-2011
Assassination,2011,11,33,11-2011
Assassination,2011,12,22,12-2011
Assassination,2012,1,35,1-2012
Assassination,2012,2,34,2-2012
Assassination,2012,3,36,3-2012
Assassination,2012,4,39,4-2012
Assassination,2012,5,30,5-2012
Assassination,2012,6,42,6-2012
Assassination,2012,7,58,7-2012
Assassination,2012,8,47,8-2012
Assassination,2012,9,43,9-2012
Assassination,2012,10,23,10-2012
Assassination,2012,11,52,11-2012
Assassination,2012,12,22,12-2012
Assassination,2013,1,65,1-2013
Assassination,2013,2,40,2-2013
Assassination,2013,3,42,3-2013
Assassination,2013,4,88,4-2013
Assassination,2013,5,96,5-2013
Assassination,2013,6,64,6-2013
Assassination,2013,7,55,7-2013
Assassination,2013,8,75,8-2013
Assassination,2013,9,86,9-2013
Assassination,2013,10,75,10-2013
Assassination,2013,11,78,11-2013
Assassination,2013,12,89,12-2013
Assassination,2014,1,90,1-2014
Assassination,2014,2,89,2-2014
Assassination,2014,3,111,3-2014
Assassination,2014,4,89,4-2014
Assassination,2014,5,89,5-2014
Assassination,2014,6,66,6-2014
Assassination,2014,7,77,7-2014
Assassination,2014,8,72,8-2014
Assassination,2014,9,58,9-2014
Assassination,2014,10,71,10-2014
Assassination,2014,11,50,11-2014
Assassination,2014,12,58,12-2014
Assassination,2015,1,114,1-2015
Assassination,2015,2,79,2-2015
Assassination,2015,3,80,3-2015
Assassination,2015,4,73,4-2015
Assassination,2015,5,107,5-2015
Assassination,2015,6,101,6-2015
Assassination,2015,7,73,7-2015
Assassination,2015,8,90,8-2015
Assassination,2015,9,33,9-2015
Assassination,2015,10,75,10-2015
Assassination,2015,11,43,11-2015
Assassination,2015,12,59,12-2015
Assassination,2016,1,50,1-2016
Assassination,2016,2,65,2-2016
Assassination,2016,3,59,3-2016
Assassination,2016,4,75,4-2016
Assassination,2016,5,79,5-2016
Assassination,2016,6,80,6-2016
Assassination,2016,7,71,7-2016
Assassination,2016,8,70,8-2016
Assassination,2016,9,55,9-2016
Assassination,2016,10,68,10-2016
Assassination,2016,11,74,11-2016
Assassination,2016,12,75,12-2016
Assassination,2017,1,54,1-2017
Assassination,2017,2,70,2-2017
Assassination,2017,3,76,3-2017
Assassination,2017,4,46,4-2017
Assassination,2017,5,78,5-2017
Assassination,2017,6,81,6-2017
Assassination,2017,7,64,7-2017
Assassination,2017,8,56,8-2017
Assassination,2017,9,74,9-2017
Assassination,2017,10,68,10-2017
Assassination,2017,11,78,11-2017
Assassination,2017,12,71,12-2017
Bombing/Explosion,1997,1,111,1-1997
Bombing/Explosion,1997,2,127,2-1997
Bombing/Explosion,1997,3,101,3-1997
Bombing/Explosion,1997,4,91,4-1997
Bombing/Explosion,1997,5,63,5-1997
Bombing/Explosion,1997,6,91,6-1997
Bombing/Explosion,1997,7,120,7-1997
Bombing/Explosion,1997,8,93,8-1997
Bombing/Explosion,1997,9,97,9-1997
Bombing/Explosion,1997,10,98,10-1997
Bombing/Explosion,1997,11,60,11-1997
Bombing/Explosion,1997,12,71,12-1997
Bombing/Explosion,1998,1,45,1-1998
Bombing/Explosion,1998,2,62,2-1998
Bombing/Explosion,1998,3,42,3-1998
Bombing/Explosion,1998,4,38,4-1998
Bombing/Explosion,1998,5,32,5-1998
Bombing/Explosion,1998,6,29,6-1998
Bombing/Explosion,1998,7,47,7-1998
Bombing/Explosion,1998,8,57,8-1998
Bombing/Explosion,1998,9,28,9-1998
Bombing/Explosion,1998,10,56,10-1998
Bombing/Explosion,1998,11,49,11-1998
Bombing/Explosion,1998,12,19,12-1998
Bombing/Explosion,1999,1,29,1-1999
Bombing/Explosion,1999,2,32,2-1999
Bombing/Explosion,1999,3,107,3-1999
Bombing/Explosion,1999,4,48,4-1999
Bombing/Explosion,1999,5,44,5-1999
Bombing/Explosion,1999,6,69,6-1999
Bombing/Explosion,1999,7,55,7-1999
Bombing/Explosion,1999,8,64,8-1999
Bombing/Explosion,1999,9,38,9-1999
Bombing/Explosion,1999,10,66,10-1999
Bombing/Explosion,1999,11,61,11-1999
Bombing/Explosion,1999,12,39,12-1999
Bombing/Explosion,2000,1,81,1-2000
Bombing/Explosion,2000,2,57,2-2000
Bombing/Explosion,2000,3,39,3-2000
Bombing/Explosion,2000,4,62,4-2000
Bombing/Explosion,2000,5,70,5-2000
Bombing/Explosion,2000,6,78,6-2000
Bombing/Explosion,2000,7,70,7-2000
Bombing/Explosion,2000,8,74,8-2000
Bombing/Explosion,2000,9,112,9-2000
Bombing/Explosion,2000,10,76,10-2000
Bombing/Explosion,2000,11,89,11-2000
Bombing/Explosion,2000,12,96,12-2000
Bombing/Explosion,2001,1,77,1-2001
Bombing/Explosion,2001,2,57,2-2001
Bombing/Explosion,2001,3,75,3-2001
Bombing/Explosion,2001,4,63,4-2001
Bombing/Explosion,2001,5,50,5-2001
Bombing/Explosion,2001,6,33,6-2001
Bombing/Explosion,2001,7,32,7-2001
Bombing/Explosion,2001,8,225,8-2001
Bombing/Explosion,2001,9,53,9-2001
Bombing/Explosion,2001,10,39,10-2001
Bombing/Explosion,2001,11,47,11-2001
Bombing/Explosion,2001,12,49,12-2001
Bombing/Explosion,2002,1,74,1-2002
Bombing/Explosion,2002,2,70,2-2002
Bombing/Explosion,2002,3,42,3-2002
Bombing/Explosion,2002,4,54,4-2002
Bombing/Explosion,2002,5,108,5-2002
Bombing/Explosion,2002,6,51,6-2002
Bombing/Explosion,2002,7,48,7-2002
Bombing/Explosion,2002,8,75,8-2002
Bombing/Explosion,2002,9,30,9-2002
Bombing/Explosion,2002,10,61,10-2002
Bombing/Explosion,2002,11,72,11-2002
Bombing/Explosion,2002,12,35,12-2002
Bombing/Explosion,2003,1,91,1-2003
Bombing/Explosion,2003,2,52,2-2003
Bombing/Explosion,2003,3,120,3-2003
Bombing/Explosion,2003,4,36,4-2003
Bombing/Explosion,2003,5,95,5-2003
Bombing/Explosion,2003,6,23,6-2003
Bombing/Explosion,2003,7,61,7-2003
Bombing/Explosion,2003,8,27,8-2003
Bombing/Explosion,2003,9,43,9-2003
Bombing/Explosion,2003,10,38,10-2003
Bombing/Explosion,2003,11,53,11-2003
Bombing/Explosion,2003,12,50,12-2003
Bombing/Explosion,2004,1,51,1-2004
Bombing/Explosion,2004,2,29,2-2004
Bombing/Explosion,2004,3,37,3-2004
Bombing/Explosion,2004,4,40,4-2004
Bombing/Explosion,2004,5,49,5-2004
Bombing/Explosion,2004,6,85,6-2004
Bombing/Explosion,2004,7,60,7-2004
Bombing/Explosion,2004,8,81,8-2004
Bombing/Explosion,2004,9,55,9-2004
Bombing/Explosion,2004,10,73,10-2004
Bombing/Explosion,2004,11,45,11-2004
Bombing/Explosion,2004,12,54,12-2004
Bombing/Explosion,2005,1,98,1-2005
Bombing/Explosion,2005,2,42,2-2005
Bombing/Explosion,2005,3,114,3-2005
Bombing/Explosion,2005,4,108,4-2005
Bombing/Explosion,2005,5,123,5-2005
Bombing/Explosion,2005,6,67,6-2005
Bombing/Explosion,2005,7,149,7-2005
Bombing/Explosion,2005,8,124,8-2005
Bombing/Explosion,2005,9,66,9-2005
Bombing/Explosion,2005,10,62,10-2005
Bombing/Explosion,2005,11,54,11-2005
Bombing/Explosion,2005,12,57,12-2005
Bombing/Explosion,2006,1,124,1-2006
Bombing/Explosion,2006,2,247,2-2006
Bombing/Explosion,2006,3,73,3-2006
Bombing/Explosion,2006,4,182,4-2006
Bombing/Explosion,2006,5,109,5-2006
Bombing/Explosion,2006,6,70,6-2006
Bombing/Explosion,2006,7,163,7-2006
Bombing/Explosion,2006,8,149,8-2006
Bombing/Explosion,2006,9,100,9-2006
Bombing/Explosion,2006,10,107,10-2006
Bombing/Explosion,2006,11,80,11-2006
Bombing/Explosion,2006,12,102,12-2006
Bombing/Explosion,2007,1,109,1-2007
Bombing/Explosion,2007,2,135,2-2007
Bombing/Explosion,2007,3,118,3-2007
Bombing/Explosion,2007,4,113,4-2007
Bombing/Explosion,2007,5,107,5-2007
Bombing/Explosion,2007,6,324,6-2007
Bombing/Explosion,2007,7,142,7-2007
Bombing/Explosion,2007,8,105,8-2007
Bombing/Explosion,2007,9,112,9-2007
Bombing/Explosion,2007,10,227,10-2007
Bombing/Explosion,2007,11,261,11-2007
Bombing/Explosion,2007,12,113,12-2007
Bombing/Explosion,2008,1,197,1-2008
Bombing/Explosion,2008,2,95,2-2008
Bombing/Explosion,2008,3,230,3-2008
Bombing/Explosion,2008,4,264,4-2008
Bombing/Explosion,2008,5,256,5-2008
Bombing/Explosion,2008,6,261,6-2008
Bombing/Explosion,2008,7,307,7-2008
Bombing/Explosion,2008,8,266,8-2008
Bombing/Explosion,2008,9,164,9-2008
Bombing/Explosion,2008,10,171,10-2008
Bombing/Explosion,2008,11,218,11-2008
Bombing/Explosion,2008,12,233,12-2008
Bombing/Explosion,2009,1,196,1-2009
Bombing/Explosion,2009,2,190,2-2009
Bombing/Explosion,2009,3,228,3-2009
Bombing/Explosion,2009,4,221,4-2009
Bombing/Explosion,2009,5,235,5-2009
Bombing/Explosion,2009,6,229,6-2009
Bombing/Explosion,2009,7,239,7-2009
Bombing/Explosion,2009,8,217,8-2009
Bombing/Explosion,2009,9,180,9-2009
Bombing/Explosion,2009,10,227,10-2009
Bombing/Explosion,2009,11,182,11-2009
Bombing/Explosion,2009,12,224,12-2009
Bombing/Explosion,2010,1,145,1-2010
Bombing/Explosion,2010,2,215,2-2010
Bombing/Explosion,2010,3,197,3-2010
Bombing/Explosion,2010,4,223,4-2010
Bombing/Explosion,2010,5,224,5-2010
Bombing/Explosion,2010,6,203,6-2010
Bombing/Explosion,2010,7,220,7-2010
Bombing/Explosion,2010,8,209,8-2010
Bombing/Explosion,2010,9,251,9-2010
Bombing/Explosion,2010,10,177,10-2010
Bombing/Explosion,2010,11,257,11-2010
Bombing/Explosion,2010,12,189,12-2010
Bombing/Explosion,2011,1,199,1-2011
Bombing/Explosion,2011,2,192,2-2011
Bombing/Explosion,2011,3,218,3-2011
Bombing/Explosion,2011,4,220,4-2011
Bombing/Explosion,2011,5,211,5-2011
Bombing/Explosion,2011,6,177,6-2011
Bombing/Explosion,2011,7,171,7-2011
Bombing/Explosion,2011,8,181,8-2011
Bombing/Explosion,2011,9,152,9-2011
Bombing/Explosion,2011,10,181,10-2011
Bombing/Explosion,2011,11,395,11-2011
Bombing/Explosion,2011,12,293,12-2011
Bombing/Explosion,2012,1,437,1-2012
Bombing/Explosion,2012,2,329,2-2012
Bombing/Explosion,2012,3,384,3-2012
Bombing/Explosion,2012,4,445,4-2012
Bombing/Explosion,2012,5,545,5-2012
Bombing/Explosion,2012,6,462,6-2012
Bombing/Explosion,2012,7,420,7-2012
Bombing/Explosion,2012,8,465,8-2012
Bombing/Explosion,2012,9,382,9-2012
Bombing/Explosion,2012,10,449,10-2012
Bombing/Explosion,2012,11,438,11-2012
Bombing/Explosion,2012,12,327,12-2012
Bombing/Explosion,2013,1,453,1-2013
Bombing/Explosion,2013,2,391,2-2013
Bombing/Explosion,2013,3,428,3-2013
Bombing/Explosion,2013,4,538,4-2013
Bombing/Explosion,2013,5,622,5-2013
Bombing/Explosion,2013,6,468,6-2013
Bombing/Explosion,2013,7,659,7-2013
Bombing/Explosion,2013,8,576,8-2013
Bombing/Explosion,2013,9,509,9-2013
Bombing/Explosion,2013,10,689,10-2013
Bombing/Explosion,2013,11,691,11-2013
Bombing/Explosion,2013,12,661,12-2013
Bombing/Explosion,2014,1,706,1-2014
Bombing/Explosion,2014,2,781,2-2014
Bombing/Explosion,2014,3,844,3-2014
Bombing/Explosion,2014,4,744,4-2014
Bombing/Explosion,2014,5,926,5-2014
Bombing/Explosion,2014,6,672,6-2014
Bombing/Explosion,2014,7,901,7-2014
Bombing/Explosion,2014,8,681,8-2014
Bombing/Explosion,2014,9,610,9-2014
Bombing/Explosion,2014,10,664,10-2014
Bombing/Explosion,2014,11,665,11-2014
Bombing/Explosion,2014,12,605,12-2014
Bombing/Explosion,2015,1,828,1-2015
Bombing/Explosion,2015,2,754,2-2015
Bombing/Explosion,2015,3,644,3-2015
Bombing/Explosion,2015,4,639,4-2015
Bombing/Explosion,2015,5,625,5-2015
Bombing/Explosion,2015,6,592,6-2015
Bombing/Explosion,2015,7,661,7-2015
Bombing/Explosion,2015,8,638,8-2015
Bombing/Explosion,2015,9,517,9-2015
Bombing/Explosion,2015,10,629,10-2015
Bombing/Explosion,2015,11,567,11-2015
Bombing/Explosion,2015,12,568,12-2015
Bombing/Explosion,2016,1,597,1-2016
Bombing/Explosion,2016,2,609,2-2016
Bombing/Explosion,2016,3,582,3-2016
Bombing/Explosion,2016,4,579,4-2016
Bombing/Explosion,2016,5,760,5-2016
Bombing/Explosion,2016,6,563,6-2016
Bombing/Explosion,2016,7,576,7-2016
Bombing/Explosion,2016,8,658,8-2016
Bombing/Explosion,2016,9,604,9-2016
Bombing/Explosion,2016,10,547,10-2016
Bombing/Explosion,2016,11,557,11-2016
Bombing/Explosion,2016,12,476,12-2016
Bombing/Explosion,2017,1,400,1-2017
Bombing/Explosion,2017,2,455,2-2017
Bombing/Explosion,2017,3,441,3-2017
Bombing/Explosion,2017,4,435,4-2017
Bombing/Explosion,2017,5,498,5-2017
Bombing/Explosion,2017,6,485,6-2017
Bombing/Explosion,2017,7,401,7-2017
Bombing/Explosion,2017,8,466,8-2017
Bombing/Explosion,2017,9,393,9-2017
Bombing/Explosion,2017,10,321,10-2017
Bombing/Explosion,2017,11,389,11-2017
Bombing/Explosion,2017,12,340,12-2017
Facility/Infrastructure Attack,1997,1,8,1-1997
Facility/Infrastructure Attack,1997,2,10,2-1997
Facility/Infrastructure Attack,1997,3,8,3-1997
Facility/Infrastructure Attack,1997,4,11,4-1997
Facility/Infrastructure Attack,1997,5,17,5-1997
Facility/Infrastructure Attack,1997,6,6,6-1997
Facility/Infrastructure Attack,1997,7,11,7-1997
Facility/Infrastructure Attack,1997,8,10,8-1997
Facility/Infrastructure Attack,1997,9,3,9-1997
Facility/Infrastructure Attack,1997,10,37,10-1997
Facility/Infrastructure Attack,1997,11,6,11-1997
Facility/Infrastructure Attack,1997,12,10,12-1997
Facility/Infrastructure Attack,1998,1,6,1-1998
Facility/Infrastructure Attack,1998,2,3,2-1998
Facility/Infrastructure Attack,1998,3,3,3-1998
Facility/Infrastructure Attack,1998,4,3,4-1998
Facility/Infrastructure Attack,1998,5,2,5-1998
Facility/Infrastructure Attack,1998,6,3,6-1998
Facility/Infrastructure Attack,1998,7,16,7-1998
Facility/Infrastructure Attack,1998,8,7,8-1998
Facility/Infrastructure Attack,1998,9,6,9-1998
Facility/Infrastructure Attack,1998,10,5,10-1998
Facility/Infrastructure Attack,1998,11,3,11-1998
Facility/Infrastructure Attack,1998,12,1,12-1998
Facility/Infrastructure Attack,1999,1,2,1-1999
Facility/Infrastructure Attack,1999,2,1,2-1999
Facility/Infrastructure Attack,1999,3,12,3-1999
Facility/Infrastructure Attack,1999,4,7,4-1999
Facility/Infrastructure Attack,1999,5,9,5-1999
Facility/Infrastructure Attack,1999,6,10,6-1999
Facility/Infrastructure Attack,1999,7,19,7-1999
Facility/Infrastructure Attack,1999,8,5,8-1999
Facility/Infrastructure Attack,1999,9,5,9-1999
Facility/Infrastructure Attack,1999,10,25,10-1999
Facility/Infrastructure Attack,1999,11,15,11-1999
Facility/Infrastructure Attack,1999,12,4,12-1999
Facility/Infrastructure Attack,2000,1,10,1-2000
Facility/Infrastructure Attack,2000,2,10,2-2000
Facility/Infrastructure Attack,2000,3,6,3-2000
Facility/Infrastructure Attack,2000,4,2,4-2000
Facility/Infrastructure Attack,2000,5,6,5-2000
Facility/Infrastructure Attack,2000,6,6,6-2000
Facility/Infrastructure Attack,2000,7,9,7-2000
Facility/Infrastructure Attack,2000,8,9,8-2000
Facility/Infrastructure Attack,2000,9,15,9-2000
Facility/Infrastructure Attack,2000,10,12,10-2000
Facility/Infrastructure Attack,2000,11,13,11-2000
Facility/Infrastructure Attack,2000,12,13,12-2000
Facility/Infrastructure Attack,2001,1,10,1-2001
Facility/Infrastructure Attack,2001,2,6,2-2001
Facility/Infrastructure Attack,2001,3,7,3-2001
Facility/Infrastructure Attack,2001,4,9,4-2001
Facility/Infrastructure Attack,2001,5,6,5-2001
Facility/Infrastructure Attack,2001,6,3,6-2001
Facility/Infrastructure Attack,2001,7,2,7-2001
Facility/Infrastructure Attack,2001,8,85,8-2001
Facility/Infrastructure Attack,2001,9,11,9-2001
Facility/Infrastructure Attack,2001,10,2,10-2001
Facility/Infrastructure Attack,2001,11,3,11-2001
Facility/Infrastructure Attack,2001,12,4,12-2001
Facility/Infrastructure Attack,2002,1,4,1-2002
Facility/Infrastructure Attack,2002,2,4,2-2002
Facility/Infrastructure Attack,2002,3,1,3-2002
Facility/Infrastructure Attack,2002,4,4,4-2002
Facility/Infrastructure Attack,2002,5,13,5-2002
Facility/Infrastructure Attack,2002,6,4,6-2002
Facility/Infrastructure Attack,2002,7,1,7-2002
Facility/Infrastructure Attack,2002,8,3,8-2002
Facility/Infrastructure Attack,2002,9,3,9-2002
Facility/Infrastructure Attack,2002,10,1,10-2002
Facility/Infrastructure Attack,2002,11,9,11-2002
Facility/Infrastructure Attack,2002,12,2,12-2002
Facility/Infrastructure Attack,2003,1,13,1-2003
Facility/Infrastructure Attack,2003,2,1,2-2003
Facility/Infrastructure Attack,2003,3,28,3-2003
Facility/Infrastructure Attack,2003,4,3,4-2003
Facility/Infrastructure Attack,2003,5,9,5-2003
Facility/Infrastructure Attack,2003,6,4,6-2003
Facility/Infrastructure Attack,2003,7,5,7-2003
Facility/Infrastructure Attack,2003,8,3,8-2003
Facility/Infrastructure Attack,2003,9,7,9-2003
Facility/Infrastructure Attack,2003,10,5,10-2003
Facility/Infrastructure Attack,2003,11,4,11-2003
Facility/Infrastructure Attack,2003,12,6,12-2003
Facility/Infrastructure Attack,2004,2,2,2-2004
Facility/Infrastructure Attack,2004,3,3,3-2004
Facility/Infrastructure Attack,2004,4,6,4-2004
Facility/Infrastructure Attack,2004,6,3,6-2004
Facility/Infrastructure Attack,2004,7,2,7-2004
Facility/Infrastructure Attack,2004,8,3,8-2004
Facility/Infrastructure Attack,2004,9,10,9-2004
Facility/Infrastructure Attack,2004,12,4,12-2004
Facility/Infrastructure Attack,2005,1,8,1-2005
Facility/Infrastructure Attack,2005,2,1,2-2005
Facility/Infrastructure Attack,2005,3,4,3-2005
Facility/Infrastructure Attack,2005,4,11,4-2005
Facility/Infrastructure Attack,2005,5,2,5-2005
Facility/Infrastructure Attack,2005,6,5,6-2005
Facility/Infrastructure Attack,2005,7,8,7-2005
Facility/Infrastructure Attack,2005,8,2,8-2005
Facility/Infrastructure Attack,2005,9,3,9-2005
Facility/Infrastructure Attack,2005,10,1,10-2005
Facility/Infrastructure Attack,2005,12,5,12-2005
Facility/Infrastructure Attack,2006,1,25,1-2006
Facility/Infrastructure Attack,2006,2,13,2-2006
Facility/Infrastructure Attack,2006,3,11,3-2006
Facility/Infrastructure Attack,2006,4,25,4-2006
Facility/Infrastructure Attack,2006,5,6,5-2006
Facility/Infrastructure Attack,2006,6,2,6-2006
Facility/Infrastructure Attack,2006,7,3,7-2006
Facility/Infrastructure Attack,2006,8,4,8-2006
Facility/Infrastructure Attack,2006,9,5,9-2006
Facility/Infrastructure Attack,2006,10,2,10-2006
Facility/Infrastructure Attack,2006,12,11,12-2006
Facility/Infrastructure Attack,2007,1,3,1-2007
Facility/Infrastructure Attack,2007,2,4,2-2007
Facility/Infrastructure Attack,2007,3,10,3-2007
Facility/Infrastructure Attack,2007,4,5,4-2007
Facility/Infrastructure Attack,2007,5,5,5-2007
Facility/Infrastructure Attack,2007,6,34,6-2007
Facility/Infrastructure Attack,2007,7,6,7-2007
Facility/Infrastructure Attack,2007,8,4,8-2007
Facility/Infrastructure Attack,2007,9,4,9-2007
Facility/Infrastructure Attack,2007,10,1,10-2007
Facility/Infrastructure Attack,2007,11,37,11-2007
Facility/Infrastructure Attack,2007,12,2,12-2007
Facility/Infrastructure Attack,2008,1,7,1-2008
Facility/Infrastructure Attack,2008,2,17,2-2008
Facility/Infrastructure Attack,2008,3,11,3-2008
Facility/Infrastructure Attack,2008,4,34,4-2008
Facility/Infrastructure Attack,2008,5,36,5-2008
Facility/Infrastructure Attack,2008,6,39,6-2008
Facility/Infrastructure Attack,2008,7,24,7-2008
Facility/Infrastructure Attack,2008,8,32,8-2008
Facility/Infrastructure Attack,2008,9,25,9-2008
Facility/Infrastructure Attack,2008,10,20,10-2008
Facility/Infrastructure Attack,2008,11,22,11-2008
Facility/Infrastructure Attack,2008,12,18,12-2008
Facility/Infrastructure Attack,2009,1,30,1-2009
Facility/Infrastructure Attack,2009,2,40,2-2009
Facility/Infrastructure Attack,2009,3,35,3-2009
Facility/Infrastructure Attack,2009,4,26,4-2009
Facility/Infrastructure Attack,2009,5,36,5-2009
Facility/Infrastructure Attack,2009,6,47,6-2009
Facility/Infrastructure Attack,2009,7,37,7-2009
Facility/Infrastructure Attack,2009,8,25,8-2009
Facility/Infrastructure Attack,2009,9,14,9-2009
Facility/Infrastructure Attack,2009,10,27,10-2009
Facility/Infrastructure Attack,2009,11,13,11-2009
Facility/Infrastructure Attack,2009,12,18,12-2009
Facility/Infrastructure Attack,2010,1,19,1-2010
Facility/Infrastructure Attack,2010,2,18,2-2010
Facility/Infrastructure Attack,2010,3,38,3-2010
Facility/Infrastructure Attack,2010,4,23,4-2010
Facility/Infrastructure Attack,2010,5,45,5-2010
Facility/Infrastructure Attack,2010,6,27,6-2010
Facility/Infrastructure Attack,2010,7,15,7-2010
Facility/Infrastructure Attack,2010,8,15,8-2010
Facility/Infrastructure Attack,2010,9,38,9-2010
Facility/Infrastructure Attack,2010,10,11,10-2010
Facility/Infrastructure Attack,2010,11,20,11-2010
Facility/Infrastructure Attack,2010,12,24,12-2010
Facility/Infrastructure Attack,2011,1,17,1-2011
Facility/Infrastructure Attack,2011,2,26,2-2011
Facility/Infrastructure Attack,2011,3,18,3-2011
Facility/Infrastructure Attack,2011,4,18,4-2011
Facility/Infrastructure Attack,2011,5,36,5-2011
Facility/Infrastructure Attack,2011,6,17,6-2011
Facility/Infrastructure Attack,2011,7,19,7-2011
Facility/Infrastructure Attack,2011,8,12,8-2011
Facility/Infrastructure Attack,2011,9,11,9-2011
Facility/Infrastructure Attack,2011,10,15,10-2011
Facility/Infrastructure Attack,2011,11,33,11-2011
Facility/Infrastructure Attack,2011,12,20,12-2011
Facility/Infrastructure Attack,2012,1,22,1-2012
Facility/Infrastructure Attack,2012,2,20,2-2012
Facility/Infrastructure Attack,2012,3,28,3-2012
Facility/Infrastructure Attack,2012,4,17,4-2012
Facility/Infrastructure Attack,2012,5,16,5-2012
Facility/Infrastructure Attack,2012,6,35,6-2012
Facility/Infrastructure Attack,2012,7,24,7-2012
Facility/Infrastructure Attack,2012,8,14,8-2012
Facility/Infrastructure Attack,2012,9,50,9-2012
Facility/Infrastructure Attack,2012,10,37,10-2012
Facility/Infrastructure Attack,2012,11,24,11-2012
Facility/Infrastructure Attack,2012,12,18,12-2012
Facility/Infrastructure Attack,2013,1,68,1-2013
Facility/Infrastructure Attack,2013,2,57,2-2013
Facility/Infrastructure Attack,2013,3,48,3-2013
Facility/Infrastructure Attack,2013,4,63,4-2013
Facility/Infrastructure Attack,2013,5,48,5-2013
Facility/Infrastructure Attack,2013,6,33,6-2013
Facility/Infrastructure Attack,2013,7,31,7-2013
Facility/Infrastructure Attack,2013,8,40,8-2013
Facility/Infrastructure Attack,2013,9,30,9-2013
Facility/Infrastructure Attack,2013,10,44,10-2013
Facility/Infrastructure Attack,2013,11,43,11-2013
Facility/Infrastructure Attack,2013,12,59,12-2013
Facility/Infrastructure Attack,2014,1,86,1-2014
Facility/Infrastructure Attack,2014,2,54,2-2014
Facility/Infrastructure Attack,2014,3,49,3-2014
Facility/Infrastructure Attack,2014,4,103,4-2014
Facility/Infrastructure Attack,2014,5,53,5-2014
Facility/Infrastructure Attack,2014,6,81,6-2014
Facility/Infrastructure Attack,2014,7,50,7-2014
Facility/Infrastructure Attack,2014,8,55,8-2014
Facility/Infrastructure Attack,2014,9,80,9-2014
Facility/Infrastructure Attack,2014,10,58,10-2014
Facility/Infrastructure Attack,2014,11,70,11-2014
Facility/Infrastructure Attack,2014,12,44,12-2014
Facility/Infrastructure Attack,2015,1,94,1-2015
Facility/Infrastructure Attack,2015,2,55,2-2015
Facility/Infrastructure Attack,2015,3,41,3-2015
Facility/Infrastructure Attack,2015,4,48,4-2015
Facility/Infrastructure Attack,2015,5,45,5-2015
Facility/Infrastructure Attack,2015,6,41,6-2015
Facility/Infrastructure Attack,2015,7,42,7-2015
Facility/Infrastructure Attack,2015,8,79,8-2015
Facility/Infrastructure Attack,2015,9,69,9-2015
Facility/Infrastructure Attack,2015,10,66,10-2015
Facility/Infrastructure Attack,2015,11,60,11-2015
Facility/Infrastructure Attack,2015,12,65,12-2015
Facility/Infrastructure Attack,2016,1,99,1-2016
Facility/Infrastructure Attack,2016,2,61,2-2016
Facility/Infrastructure Attack,2016,3,42,3-2016
Facility/Infrastructure Attack,2016,4,47,4-2016
Facility/Infrastructure Attack,2016,5,36,5-2016
Facility/Infrastructure Attack,2016,6,60,6-2016
Facility/Infrastructure Attack,2016,7,57,7-2016
Facility/Infrastructure Attack,2016,8,41,8-2016
Facility/Infrastructure Attack,2016,9,56,9-2016
Facility/Infrastructure Attack,2016,10,61,10-2016
Facility/Infrastructure Attack,2016,11,101,11-2016
Facility/Infrastructure Attack,2016,12,35,12-2016
Facility/Infrastructure Attack,2017,1,44,1-2017
Facility/Infrastructure Attack,2017,2,49,2-2017
Facility/Infrastructure Attack,2017,3,81,3-2017
Facility/Infrastructure Attack,2017,4,57,4-2017
Facility/Infrastructure Attack,2017,5,91,5-2017
Facility/Infrastructure Attack,2017,6,88,6-2017
Facility/Infrastructure Attack,2017,7,103,7-2017
Facility/Infrastructure Attack,2017,8,52,8-2017
Facility/Infrastructure Attack,2017,9,54,9-2017
Facility/Infrastructure Attack,2017,10,66,10-2017
Facility/Infrastructure Attack,2017,11,29,11-2017
Facility/Infrastructure Attack,2017,12,37,12-2017
Hijacking,1997,1,1,1-1997
Hijacking,1997,2,2,2-1997
Hijacking,1997,3,1,3-1997
Hijacking,1997,4,2,4-1997
Hijacking,1997,6,5,6-1997
Hijacking,1997,7,1,7-1997
Hijacking,1997,9,1,9-1997
Hijacking,1997,10,1,10-1997
Hijacking,1997,11,1,11-1997
Hijacking,1997,12,1,12-1997
Hijacking,1998,8,2,8-1998
Hijacking,1998,10,1,10-1998
Hijacking,1999,3,3,3-1999
Hijacking,1999,4,1,4-1999
Hijacking,1999,10,1,10-1999
Hijacking,1999,12,1,12-1999
Hijacking,2000,1,1,1-2000
Hijacking,2000,2,1,2-2000
Hijacking,2000,9,4,9-2000
Hijacking,2000,10,1,10-2000
Hijacking,2001,1,3,1-2001
Hijacking,2001,3,1,3-2001
Hijacking,2001,4,1,4-2001
Hijacking,2001,7,1,7-2001
Hijacking,2001,8,4,8-2001
Hijacking,2001,9,4,9-2001
Hijacking,2002,1,1,1-2002
Hijacking,2002,2,1,2-2002
Hijacking,2002,5,1,5-2002
Hijacking,2002,6,1,6-2002
Hijacking,2002,9,1,9-2002
Hijacking,2002,11,1,11-2002
Hijacking,2003,2,3,2-2003
Hijacking,2004,8,1,8-2004
Hijacking,2005,2,1,2-2005
Hijacking,2005,12,1,12-2005
Hijacking,2006,2,1,2-2006
Hijacking,2006,4,1,4-2006
Hijacking,2006,12,1,12-2006
Hijacking,2007,1,2,1-2007
Hijacking,2007,3,1,3-2007
Hijacking,2007,4,1,4-2007
Hijacking,2007,5,2,5-2007
Hijacking,2007,6,1,6-2007
Hijacking,2008,3,1,3-2008
Hijacking,2008,4,1,4-2008
Hijacking,2008,5,2,5-2008
Hijacking,2008,7,1,7-2008
Hijacking,2008,8,4,8-2008
Hijacking,2008,10,2,10-2008
Hijacking,2008,11,5,11-2008
Hijacking,2009,1,1,1-2009
Hijacking,2009,2,1,2-2009
Hijacking,2009,3,5,3-2009
Hijacking,2009,4,3,4-2009
Hijacking,2009,5,1,5-2009
Hijacking,2009,6,2,6-2009
Hijacking,2009,7,2,7-2009
Hijacking,2009,9,1,9-2009
Hijacking,2009,10,2,10-2009
Hijacking,2009,11,3,11-2009
Hijacking,2009,12,2,12-2009
Hijacking,2010,2,1,2-2010
Hijacking,2010,3,1,3-2010
Hijacking,2010,4,2,4-2010
Hijacking,2010,5,1,5-2010
Hijacking,2010,7,5,7-2010
Hijacking,2010,9,1,9-2010
Hijacking,2010,11,1,11-2010
Hijacking,2010,12,1,12-2010
Hijacking,2011,1,2,1-2011
Hijacking,2011,3,1,3-2011
Hijacking,2011,5,1,5-2011
Hijacking,2011,6,1,6-2011
Hijacking,2011,7,1,7-2011
Hijacking,2011,8,1,8-2011
Hijacking,2011,11,1,11-2011
Hijacking,2011,12,1,12-2011
Hijacking,2012,1,1,1-2012
Hijacking,2012,6,1,6-2012
Hijacking,2012,8,1,8-2012
Hijacking,2012,10,1,10-2012
Hijacking,2012,11,1,11-2012
Hijacking,2013,2,1,2-2013
Hijacking,2013,3,1,3-2013
Hijacking,2013,4,1,4-2013
Hijacking,2013,5,3,5-2013
Hijacking,2013,6,2,6-2013
Hijacking,2013,7,1,7-2013
Hijacking,2013,9,3,9-2013
Hijacking,2013,11,3,11-2013
Hijacking,2013,12,2,12-2013
Hijacking,2014,1,2,1-2014
Hijacking,2014,2,2,2-2014
Hijacking,2014,3,6,3-2014
Hijacking,2014,4,7,4-2014
Hijacking,2014,5,3,5-2014
Hijacking,2014,6,3,6-2014
Hijacking,2014,7,10,7-2014
Hijacking,2014,8,6,8-2014
Hijacking,2014,9,4,9-2014
Hijacking,2014,10,2,10-2014
Hijacking,2014,11,4,11-2014
Hijacking,2015,1,2,1-2015
Hijacking,2015,2,1,2-2015
Hijacking,2015,3,4,3-2015
Hijacking,2015,4,4,4-2015
Hijacking,2015,5,7,5-2015
Hijacking,2015,6,5,6-2015
Hijacking,2015,7,4,7-2015
Hijacking,2015,8,3,8-2015
Hijacking,2015,10,3,10-2015
Hijacking,2015,11,3,11-2015
Hijacking,2015,12,2,12-2015
Hijacking,2016,1,4,1-2016
Hijacking,2016,3,5,3-2016
Hijacking,2016,4,5,4-2016
Hijacking,2016,5,4,5-2016
Hijacking,2016,6,3,6-2016
Hijacking,2016,7,3,7-2016
Hijacking,2016,8,3,8-2016
Hijacking,2016,9,2,9-2016
Hijacking,2016,10,3,10-2016
Hijacking,2016,11,6,11-2016
Hijacking,2016,12,5,12-2016
Hijacking,2017,1,5,1-2017
Hijacking,2017,2,7,2-2017
Hijacking,2017,3,6,3-2017
Hijacking,2017,4,3,4-2017
Hijacking,2017,5,7,5-2017
Hijacking,2017,6,3,6-2017
Hijacking,2017,7,5,7-2017
Hijacking,2017,8,8,8-2017
Hijacking,2017,9,4,9-2017
Hijacking,2017,10,5,10-2017
Hijacking,2017,11,4,11-2017
Hijacking,2017,12,1,12-2017
Hostage Taking (Barricade),1997,8,1,8-1997
Hostage Taking (Barricade),1997,9,2,9-1997
Hostage Taking (Barricade),1999,2,3,2-1999
Hostage Taking (Barricade),1999,8,1,8-1999
Hostage Taking (Barricade),1999,10,1,10-1999
Hostage Taking (Barricade),1999,11,1,11-1999
Hostage Taking (Barricade),2000,6,1,6-2000
Hostage Taking (Barricade),2000,9,1,9-2000
Hostage Taking (Barricade),2001,4,1,4-2001
Hostage Taking (Barricade),2001,6,1,6-2001
Hostage Taking (Barricade),2001,8,1,8-2001
Hostage Taking (Barricade),2001,11,1,11-2001
Hostage Taking (Barricade),2002,4,1,4-2002
Hostage Taking (Barricade),2002,5,1,5-2002
Hostage Taking (Barricade),2002,8,1,8-2002
Hostage Taking (Barricade),2002,10,1,10-2002
Hostage Taking (Barricade),2003,3,1,3-2003
Hostage Taking (Barricade),2003,4,1,4-2003
Hostage Taking (Barricade),2004,3,1,3-2004
Hostage Taking (Barricade),2004,5,1,5-2004
Hostage Taking (Barricade),2004,9,1,9-2004
Hostage Taking (Barricade),2006,1,1,1-2006
Hostage Taking (Barricade),2006,4,4,4-2006
Hostage Taking (Barricade),2006,11,1,11-2006
Hostage Taking (Barricade),2006,12,1,12-2006
Hostage Taking (Barricade),2007,6,1,6-2007
Hostage Taking (Barricade),2007,11,5,11-2007
Hostage Taking (Barricade),2008,1,1,1-2008
Hostage Taking (Barricade),2008,10,1,10-2008
Hostage Taking (Barricade),2008,11,3,11-2008
Hostage Taking (Barricade),2009,1,2,1-2009
Hostage Taking (Barricade),2009,2,1,2-2009
Hostage Taking (Barricade),2009,6,1,6-2009
Hostage Taking (Barricade),2010,3,1,3-2010
Hostage Taking (Barricade),2010,5,3,5-2010
Hostage Taking (Barricade),2010,9,1,9-2010
Hostage Taking (Barricade),2010,10,3,10-2010
Hostage Taking (Barricade),2011,5,1,5-2011
Hostage Taking (Barricade),2011,11,1,11-2011
Hostage Taking (Barricade),2012,2,3,2-2012
Hostage Taking (Barricade),2012,4,1,4-2012
Hostage Taking (Barricade),2012,5,1,5-2012
Hostage Taking (Barricade),2012,6,3,6-2012
Hostage Taking (Barricade),2012,7,5,7-2012
Hostage Taking (Barricade),2012,8,3,8-2012
Hostage Taking (Barricade),2012,9,2,9-2012
Hostage Taking (Barricade),2013,1,1,1-2013
Hostage Taking (Barricade),2013,2,1,2-2013
Hostage Taking (Barricade),2013,4,2,4-2013
Hostage Taking (Barricade),2013,5,6,5-2013
Hostage Taking (Barricade),2013,6,2,6-2013
Hostage Taking (Barricade),2013,7,1,7-2013
Hostage Taking (Barricade),2013,9,2,9-2013
Hostage Taking (Barricade),2013,10,4,10-2013
Hostage Taking (Barricade),2013,11,1,11-2013
Hostage Taking (Barricade),2013,12,6,12-2013
Hostage Taking (Barricade),2014,1,6,1-2014
Hostage Taking (Barricade),2014,2,1,2-2014
Hostage Taking (Barricade),2014,3,5,3-2014
Hostage Taking (Barricade),2014,4,8,4-2014
Hostage Taking (Barricade),2014,5,2,5-2014
Hostage Taking (Barricade),2014,6,7,6-2014
Hostage Taking (Barricade),2014,7,2,7-2014
Hostage Taking (Barricade),2014,8,2,8-2014
Hostage Taking (Barricade),2014,9,3,9-2014
Hostage Taking (Barricade),2014,10,3,10-2014
Hostage Taking (Barricade),2014,11,1,11-2014
Hostage Taking (Barricade),2014,12,6,12-2014
Hostage Taking (Barricade),2015,1,12,1-2015
Hostage Taking (Barricade),2015,2,4,2-2015
Hostage Taking (Barricade),2015,3,8,3-2015
Hostage Taking (Barricade),2015,4,7,4-2015
Hostage Taking (Barricade),2015,5,7,5-2015
Hostage Taking (Barricade),2015,6,7,6-2015
Hostage Taking (Barricade),2015,7,7,7-2015
Hostage Taking (Barricade),2015,8,11,8-2015
Hostage Taking (Barricade),2015,9,4,9-2015
Hostage Taking (Barricade),2015,10,3,10-2015
Hostage Taking (Barricade),2015,11,9,11-2015
Hostage Taking (Barricade),2015,12,3,12-2015
Hostage Taking (Barricade),2016,1,7,1-2016
Hostage Taking (Barricade),2016,2,3,2-2016
Hostage Taking (Barricade),2016,3,2,3-2016
Hostage Taking (Barricade),2016,4,2,4-2016
Hostage Taking (Barricade),2016,5,4,5-2016
Hostage Taking (Barricade),2016,6,7,6-2016
Hostage Taking (Barricade),2016,7,10,7-2016
Hostage Taking (Barricade),2016,8,6,8-2016
Hostage Taking (Barricade),2016,9,2,9-2016
Hostage Taking (Barricade),2016,10,5,10-2016
Hostage Taking (Barricade),2016,11,8,11-2016
Hostage Taking (Barricade),2016,12,5,12-2016
Hostage Taking (Barricade),2017,1,6,1-2017
Hostage Taking (Barricade),2017,2,8,2-2017
Hostage Taking (Barricade),2017,3,9,3-2017
Hostage Taking (Barricade),2017,4,2,4-2017
Hostage Taking (Barricade),2017,5,12,5-2017
Hostage Taking (Barricade),2017,6,8,6-2017
Hostage Taking (Barricade),2017,7,9,7-2017
Hostage Taking (Barricade),2017,8,6,8-2017
Hostage Taking (Barricade),2017,9,7,9-2017
Hostage Taking (Barricade),2017,10,6,10-2017
Hostage Taking (Barricade),2017,11,5,11-2017
Hostage Taking (Barricade),2017,12,4,12-2017
Hostage Taking (Kidnapping),1997,1,14,1-1997
Hostage Taking (Kidnapping),1997,2,20,2-1997
Hostage Taking (Kidnapping),1997,3,31,3-1997
Hostage Taking (Kidnapping),1997,4,7,4-1997
Hostage Taking (Kidnapping),1997,5,21,5-1997
Hostage Taking (Kidnapping),1997,6,32,6-1997
Hostage Taking (Kidnapping),1997,7,34,7-1997
Hostage Taking (Kidnapping),1997,8,59,8-1997
Hostage Taking (Kidnapping),1997,9,21,9-1997
Hostage Taking (Kidnapping),1997,10,17,10-1997
Hostage Taking (Kidnapping),1997,11,19,11-1997
Hostage Taking (Kidnapping),1997,12,24,12-1997
Hostage Taking (Kidnapping),1998,2,4,2-1998
Hostage Taking (Kidnapping),1998,3,3,3-1998
Hostage Taking (Kidnapping),1998,4,2,4-1998
Hostage Taking (Kidnapping),1998,5,3,5-1998
Hostage Taking (Kidnapping),1998,6,1,6-1998
Hostage Taking (Kidnapping),1998,7,4,7-1998
Hostage Taking (Kidnapping),1998,8,9,8-1998
Hostage Taking (Kidnapping),1998,9,4,9-1998
Hostage Taking (Kidnapping),1998,10,7,10-1998
Hostage Taking (Kidnapping),1998,11,3,11-1998
Hostage Taking (Kidnapping),1998,12,3,12-1998
Hostage Taking (Kidnapping),1999,1,9,1-1999
Hostage Taking (Kidnapping),1999,2,12,2-1999
Hostage Taking (Kidnapping),1999,3,15,3-1999
Hostage Taking (Kidnapping),1999,4,5,4-1999
Hostage Taking (Kidnapping),1999,5,9,5-1999
Hostage Taking (Kidnapping),1999,6,14,6-1999
Hostage Taking (Kidnapping),1999,7,10,7-1999
Hostage Taking (Kidnapping),1999,8,13,8-1999
Hostage Taking (Kidnapping),1999,9,8,9-1999
Hostage Taking (Kidnapping),1999,10,8,10-1999
Hostage Taking (Kidnapping),1999,11,8,11-1999
Hostage Taking (Kidnapping),1999,12,3,12-1999
Hostage Taking (Kidnapping),2000,1,12,1-2000
Hostage Taking (Kidnapping),2000,2,6,2-2000
Hostage Taking (Kidnapping),2000,3,7,3-2000
Hostage Taking (Kidnapping),2000,4,14,4-2000
Hostage Taking (Kidnapping),2000,5,10,5-2000
Hostage Taking (Kidnapping),2000,6,11,6-2000
Hostage Taking (Kidnapping),2000,7,15,7-2000
Hostage Taking (Kidnapping),2000,8,10,8-2000
Hostage Taking (Kidnapping),2000,9,11,9-2000
Hostage Taking (Kidnapping),2000,10,10,10-2000
Hostage Taking (Kidnapping),2000,11,13,11-2000
Hostage Taking (Kidnapping),2000,12,6,12-2000
Hostage Taking (Kidnapping),2001,1,11,1-2001
Hostage Taking (Kidnapping),2001,2,10,2-2001
Hostage Taking (Kidnapping),2001,3,10,3-2001
Hostage Taking (Kidnapping),2001,4,4,4-2001
Hostage Taking (Kidnapping),2001,5,7,5-2001
Hostage Taking (Kidnapping),2001,6,7,6-2001
Hostage Taking (Kidnapping),2001,7,10,7-2001
Hostage Taking (Kidnapping),2001,8,47,8-2001
Hostage Taking (Kidnapping),2001,9,7,9-2001
Hostage Taking (Kidnapping),2001,10,7,10-2001
Hostage Taking (Kidnapping),2001,11,17,11-2001
Hostage Taking (Kidnapping),2001,12,8,12-2001
Hostage Taking (Kidnapping),2002,1,6,1-2002
Hostage Taking (Kidnapping),2002,2,5,2-2002
Hostage Taking (Kidnapping),2002,3,5,3-2002
Hostage Taking (Kidnapping),2002,4,12,4-2002
Hostage Taking (Kidnapping),2002,5,15,5-2002
Hostage Taking (Kidnapping),2002,6,9,6-2002
Hostage Taking (Kidnapping),2002,7,2,7-2002
Hostage Taking (Kidnapping),2002,8,11,8-2002
Hostage Taking (Kidnapping),2002,9,8,9-2002
Hostage Taking (Kidnapping),2002,10,3,10-2002
Hostage Taking (Kidnapping),2002,11,3,11-2002
Hostage Taking (Kidnapping),2003,1,8,1-2003
Hostage Taking (Kidnapping),2003,2,4,2-2003
Hostage Taking (Kidnapping),2003,3,6,3-2003
Hostage Taking (Kidnapping),2003,4,6,4-2003
Hostage Taking (Kidnapping),2003,5,3,5-2003
Hostage Taking (Kidnapping),2003,6,3,6-2003
Hostage Taking (Kidnapping),2003,7,4,7-2003
Hostage Taking (Kidnapping),2003,9,2,9-2003
Hostage Taking (Kidnapping),2003,10,2,10-2003
Hostage Taking (Kidnapping),2003,11,6,11-2003
Hostage Taking (Kidnapping),2003,12,2,12-2003
Hostage Taking (Kidnapping),2004,1,2,1-2004
Hostage Taking (Kidnapping),2004,3,2,3-2004
Hostage Taking (Kidnapping),2004,4,16,4-2004
Hostage Taking (Kidnapping),2004,5,3,5-2004
Hostage Taking (Kidnapping),2004,6,4,6-2004
Hostage Taking (Kidnapping),2004,7,12,7-2004
Hostage Taking (Kidnapping),2004,8,8,8-2004
Hostage Taking (Kidnapping),2004,9,8,9-2004
Hostage Taking (Kidnapping),2004,10,11,10-2004
Hostage Taking (Kidnapping),2004,11,5,11-2004
Hostage Taking (Kidnapping),2004,12,6,12-2004
Hostage Taking (Kidnapping),2005,1,10,1-2005
Hostage Taking (Kidnapping),2005,2,3,2-2005
Hostage Taking (Kidnapping),2005,3,10,3-2005
Hostage Taking (Kidnapping),2005,4,11,4-2005
Hostage Taking (Kidnapping),2005,5,16,5-2005
Hostage Taking (Kidnapping),2005,6,6,6-2005
Hostage Taking (Kidnapping),2005,7,16,7-2005
Hostage Taking (Kidnapping),2005,8,20,8-2005
Hostage Taking (Kidnapping),2005,9,4,9-2005
Hostage Taking (Kidnapping),2005,10,11,10-2005
Hostage Taking (Kidnapping),2005,11,3,11-2005
Hostage Taking (Kidnapping),2005,12,10,12-2005
Hostage Taking (Kidnapping),2006,1,18,1-2006
Hostage Taking (Kidnapping),2006,2,31,2-2006
Hostage Taking (Kidnapping),2006,3,6,3-2006
Hostage Taking (Kidnapping),2006,4,31,4-2006
Hostage Taking (Kidnapping),2006,5,19,5-2006
Hostage Taking (Kidnapping),2006,6,7,6-2006
Hostage Taking (Kidnapping),2006,7,21,7-2006
Hostage Taking (Kidnapping),2006,8,13,8-2006
Hostage Taking (Kidnapping),2006,9,9,9-2006
Hostage Taking (Kidnapping),2006,10,13,10-2006
Hostage Taking (Kidnapping),2006,11,15,11-2006
Hostage Taking (Kidnapping),2006,12,19,12-2006
Hostage Taking (Kidnapping),2007,1,15,1-2007
Hostage Taking (Kidnapping),2007,2,13,2-2007
Hostage Taking (Kidnapping),2007,3,18,3-2007
Hostage Taking (Kidnapping),2007,4,18,4-2007
Hostage Taking (Kidnapping),2007,5,16,5-2007
Hostage Taking (Kidnapping),2007,6,45,6-2007
Hostage Taking (Kidnapping),2007,7,18,7-2007
Hostage Taking (Kidnapping),2007,8,15,8-2007
Hostage Taking (Kidnapping),2007,9,11,9-2007
Hostage Taking (Kidnapping),2007,10,22,10-2007
Hostage Taking (Kidnapping),2007,11,24,11-2007
Hostage Taking (Kidnapping),2007,12,8,12-2007
Hostage Taking (Kidnapping),2008,1,31,1-2008
Hostage Taking (Kidnapping),2008,2,9,2-2008
Hostage Taking (Kidnapping),2008,3,10,3-2008
Hostage Taking (Kidnapping),2008,4,44,4-2008
Hostage Taking (Kidnapping),2008,5,44,5-2008
Hostage Taking (Kidnapping),2008,6,43,6-2008
Hostage Taking (Kidnapping),2008,7,51,7-2008
Hostage Taking (Kidnapping),2008,8,37,8-2008
Hostage Taking (Kidnapping),2008,9,11,9-2008
Hostage Taking (Kidnapping),2008,10,25,10-2008
Hostage Taking (Kidnapping),2008,11,46,11-2008
Hostage Taking (Kidnapping),2008,12,37,12-2008
Hostage Taking (Kidnapping),2009,1,33,1-2009
Hostage Taking (Kidnapping),2009,2,24,2-2009
Hostage Taking (Kidnapping),2009,3,18,3-2009
Hostage Taking (Kidnapping),2009,4,18,4-2009
Hostage Taking (Kidnapping),2009,5,24,5-2009
Hostage Taking (Kidnapping),2009,6,23,6-2009
Hostage Taking (Kidnapping),2009,7,25,7-2009
Hostage Taking (Kidnapping),2009,8,25,8-2009
Hostage Taking (Kidnapping),2009,9,25,9-2009
Hostage Taking (Kidnapping),2009,10,31,10-2009
Hostage Taking (Kidnapping),2009,11,18,11-2009
Hostage Taking (Kidnapping),2009,12,15,12-2009
Hostage Taking (Kidnapping),2010,1,26,1-2010
Hostage Taking (Kidnapping),2010,2,25,2-2010
Hostage Taking (Kidnapping),2010,3,29,3-2010
Hostage Taking (Kidnapping),2010,4,31,4-2010
Hostage Taking (Kidnapping),2010,5,35,5-2010
Hostage Taking (Kidnapping),2010,6,29,6-2010
Hostage Taking (Kidnapping),2010,7,31,7-2010
Hostage Taking (Kidnapping),2010,8,33,8-2010
Hostage Taking (Kidnapping),2010,9,48,9-2010
Hostage Taking (Kidnapping),2010,10,32,10-2010
Hostage Taking (Kidnapping),2010,11,33,11-2010
Hostage Taking (Kidnapping),2010,12,39,12-2010
Hostage Taking (Kidnapping),2011,1,28,1-2011
Hostage Taking (Kidnapping),2011,2,19,2-2011
Hostage Taking (Kidnapping),2011,3,26,3-2011
Hostage Taking (Kidnapping),2011,4,29,4-2011
Hostage Taking (Kidnapping),2011,5,25,5-2011
Hostage Taking (Kidnapping),2011,6,40,6-2011
Hostage Taking (Kidnapping),2011,7,43,7-2011
Hostage Taking (Kidnapping),2011,8,35,8-2011
Hostage Taking (Kidnapping),2011,9,32,9-2011
Hostage Taking (Kidnapping),2011,10,33,10-2011
Hostage Taking (Kidnapping),2011,11,37,11-2011
Hostage Taking (Kidnapping),2011,12,16,12-2011
Hostage Taking (Kidnapping),2011,2012,353,2012-2011
Hostage Taking (Kidnapping),2012,1,33,1-2012
Hostage Taking (Kidnapping),2012,2,26,2-2012
Hostage Taking (Kidnapping),2012,3,34,3-2012
Hostage Taking (Kidnapping),2012,4,33,4-2012
Hostage Taking (Kidnapping),2012,5,33,5-2012
Hostage Taking (Kidnapping),2012,6,32,6-2012
Hostage Taking (Kidnapping),2012,7,32,7-2012
Hostage Taking (Kidnapping),2012,8,22,8-2012
Hostage Taking (Kidnapping),2012,9,14,9-2012
Hostage Taking (Kidnapping),2012,10,42,10-2012
Hostage Taking (Kidnapping),2012,11,25,11-2012
Hostage Taking (Kidnapping),2012,12,27,12-2012
Hostage Taking (Kidnapping),2013,1,49,1-2013
Hostage Taking (Kidnapping),2013,2,27,2-2013
Hostage Taking (Kidnapping),2013,3,30,3-2013
Hostage Taking (Kidnapping),2013,4,53,4-2013
Hostage Taking (Kidnapping),2013,5,57,5-2013
Hostage Taking (Kidnapping),2013,6,60,6-2013
Hostage Taking (Kidnapping),2013,7,60,7-2013
Hostage Taking (Kidnapping),2013,8,45,8-2013
Hostage Taking (Kidnapping),2013,9,57,9-2013
Hostage Taking (Kidnapping),2013,10,60,10-2013
Hostage Taking (Kidnapping),2013,11,63,11-2013
Hostage Taking (Kidnapping),2013,12,73,12-2013
Hostage Taking (Kidnapping),2014,1,82,1-2014
Hostage Taking (Kidnapping),2014,2,75,2-2014
Hostage Taking (Kidnapping),2014,3,86,3-2014
Hostage Taking (Kidnapping),2014,4,128,4-2014
Hostage Taking (Kidnapping),2014,5,115,5-2014
Hostage Taking (Kidnapping),2014,6,132,6-2014
Hostage Taking (Kidnapping),2014,7,149,7-2014
Hostage Taking (Kidnapping),2014,8,144,8-2014
Hostage Taking (Kidnapping),2014,9,147,9-2014
Hostage Taking (Kidnapping),2014,10,121,10-2014
Hostage Taking (Kidnapping),2014,11,108,11-2014
Hostage Taking (Kidnapping),2014,12,110,12-2014
Hostage Taking (Kidnapping),2015,1,128,1-2015
Hostage Taking (Kidnapping),2015,2,85,2-2015
Hostage Taking (Kidnapping),2015,3,99,3-2015
Hostage Taking (Kidnapping),2015,4,112,4-2015
Hostage Taking (Kidnapping),2015,5,119,5-2015
Hostage Taking (Kidnapping),2015,6,86,6-2015
Hostage Taking (Kidnapping),2015,7,90,7-2015
Hostage Taking (Kidnapping),2015,8,97,8-2015
Hostage Taking (Kidnapping),2015,9,96,9-2015
Hostage Taking (Kidnapping),2015,10,112,10-2015
Hostage Taking (Kidnapping),2015,11,90,11-2015
Hostage Taking (Kidnapping),2015,12,83,12-2015
Hostage Taking (Kidnapping),2016,1,117,1-2016
Hostage Taking (Kidnapping),2016,2,102,2-2016
Hostage Taking (Kidnapping),2016,3,97,3-2016
Hostage Taking (Kidnapping),2016,4,127,4-2016
Hostage Taking (Kidnapping),2016,5,128,5-2016
Hostage Taking (Kidnapping),2016,6,87,6-2016
Hostage Taking (Kidnapping),2016,7,74,7-2016
Hostage Taking (Kidnapping),2016,8,55,8-2016
Hostage Taking (Kidnapping),2016,9,70,9-2016
Hostage Taking (Kidnapping),2016,10,99,10-2016
Hostage Taking (Kidnapping),2016,11,97,11-2016
Hostage Taking (Kidnapping),2016,12,79,12-2016
Hostage Taking (Kidnapping),2017,1,81,1-2017
Hostage Taking (Kidnapping),2017,2,74,2-2017
Hostage Taking (Kidnapping),2017,3,86,3-2017
Hostage Taking (Kidnapping),2017,4,69,4-2017
Hostage Taking (Kidnapping),2017,5,84,5-2017
Hostage Taking (Kidnapping),2017,6,83,6-2017
Hostage Taking (Kidnapping),2017,7,85,7-2017
Hostage Taking (Kidnapping),2017,8,74,8-2017
Hostage Taking (Kidnapping),2017,9,64,9-2017
Hostage Taking (Kidnapping),2017,10,76,10-2017
Hostage Taking (Kidnapping),2017,11,44,11-2017
Hostage Taking (Kidnapping),2017,12,58,12-2017
Unarmed Assault,1997,1,1,1-1997
Unarmed Assault,1997,2,4,2-1997
Unarmed Assault,1997,3,1,3-1997
Unarmed Assault,1997,4,4,4-1997
Unarmed Assault,1997,5,1,5-1997
Unarmed Assault,1997,6,2,6-1997
Unarmed Assault,1997,7,3,7-1997
Unarmed Assault,1997,8,4,8-1997
Unarmed Assault,1997,9,1,9-1997
Unarmed Assault,1997,11,2,11-1997
Unarmed Assault,1997,12,2,12-1997
Unarmed Assault,1998,2,2,2-1998
Unarmed Assault,1998,3,1,3-1998
Unarmed Assault,1998,4,6,4-1998
Unarmed Assault,1998,5,2,5-1998
Unarmed Assault,1998,11,3,11-1998
Unarmed Assault,1998,12,1,12-1998
Unarmed Assault,1999,1,2,1-1999
Unarmed Assault,1999,2,1,2-1999
Unarmed Assault,1999,5,1,5-1999
Unarmed Assault,1999,6,4,6-1999
Unarmed Assault,1999,7,1,7-1999
Unarmed Assault,1999,8,5,8-1999
Unarmed Assault,1999,10,15,10-1999
Unarmed Assault,1999,11,1,11-1999
Unarmed Assault,1999,12,6,12-1999
Unarmed Assault,2000,1,1,1-2000
Unarmed Assault,2000,2,3,2-2000
Unarmed Assault,2000,3,2,3-2000
Unarmed Assault,2000,4,1,4-2000
Unarmed Assault,2000,5,3,5-2000
Unarmed Assault,2000,6,12,6-2000
Unarmed Assault,2000,7,2,7-2000
Unarmed Assault,2000,9,1,9-2000
Unarmed Assault,2000,11,1,11-2000
Unarmed Assault,2001,2,5,2-2001
Unarmed Assault,2001,3,2,3-2001
Unarmed Assault,2001,8,12,8-2001
Unarmed Assault,2001,9,2,9-2001
Unarmed Assault,2001,10,16,10-2001
Unarmed Assault,2001,11,3,11-2001
Unarmed Assault,2001,12,1,12-2001
Unarmed Assault,2002,2,2,2-2002
Unarmed Assault,2002,3,1,3-2002
Unarmed Assault,2002,4,2,4-2002
Unarmed Assault,2002,5,2,5-2002
Unarmed Assault,2002,7,1,7-2002
Unarmed Assault,2002,8,1,8-2002
Unarmed Assault,2002,12,1,12-2002
Unarmed Assault,2003,1,1,1-2003
Unarmed Assault,2003,2,1,2-2003
Unarmed Assault,2003,3,2,3-2003
Unarmed Assault,2003,6,9,6-2003
Unarmed Assault,2003,10,1,10-2003
Unarmed Assault,2003,11,5,11-2003
Unarmed Assault,2003,12,1,12-2003
Unarmed Assault,2004,2,1,2-2004
Unarmed Assault,2004,3,1,3-2004
Unarmed Assault,2004,5,1,5-2004
Unarmed Assault,2004,9,1,9-2004
Unarmed Assault,2005,3,2,3-2005
Unarmed Assault,2005,5,2,5-2005
Unarmed Assault,2005,6,1,6-2005
Unarmed Assault,2005,9,1,9-2005
Unarmed Assault,2006,1,3,1-2006
Unarmed Assault,2006,3,1,3-2006
Unarmed Assault,2006,4,9,4-2006
Unarmed Assault,2006,6,1,6-2006
Unarmed Assault,2006,11,1,11-2006
Unarmed Assault,2007,3,2,3-2007
Unarmed Assault,2007,6,1,6-2007
Unarmed Assault,2007,8,1,8-2007
Unarmed Assault,2007,11,1,11-2007
Unarmed Assault,2007,12,1,12-2007
Unarmed Assault,2008,3,1,3-2008
Unarmed Assault,2008,4,1,4-2008
Unarmed Assault,2008,5,6,5-2008
Unarmed Assault,2008,6,7,6-2008
Unarmed Assault,2008,7,3,7-2008
Unarmed Assault,2008,8,4,8-2008
Unarmed Assault,2008,10,3,10-2008
Unarmed Assault,2008,11,3,11-2008
Unarmed Assault,2008,12,3,12-2008
Unarmed Assault,2009,1,1,1-2009
Unarmed Assault,2009,2,1,2-2009
Unarmed Assault,2009,3,3,3-2009
Unarmed Assault,2009,4,1,4-2009
Unarmed Assault,2009,5,4,5-2009
Unarmed Assault,2009,6,1,6-2009
Unarmed Assault,2009,7,2,7-2009
Unarmed Assault,2009,8,3,8-2009
Unarmed Assault,2009,9,2,9-2009
Unarmed Assault,2009,11,1,11-2009
Unarmed Assault,2010,4,3,4-2010
Unarmed Assault,2010,5,3,5-2010
Unarmed Assault,2010,6,2,6-2010
Unarmed Assault,2010,7,1,7-2010
Unarmed Assault,2010,8,3,8-2010
Unarmed Assault,2010,9,2,9-2010
Unarmed Assault,2010,10,1,10-2010
Unarmed Assault,2010,11,5,11-2010
Unarmed Assault,2010,12,1,12-2010
Unarmed Assault,2011,1,3,1-2011
Unarmed Assault,2011,2,2,2-2011
Unarmed Assault,2011,3,2,3-2011
Unarmed Assault,2011,4,2,4-2011
Unarmed Assault,2011,5,1,5-2011
Unarmed Assault,2011,6,1,6-2011
Unarmed Assault,2011,7,1,7-2011
Unarmed Assault,2011,9,2,9-2011
Unarmed Assault,2011,10,2,10-2011
Unarmed Assault,2011,11,1,11-2011
Unarmed Assault,2011,12,3,12-2011
Unarmed Assault,2012,1,1,1-2012
Unarmed Assault,2012,2,2,2-2012
Unarmed Assault,2012,3,2,3-2012
Unarmed Assault,2012,4,2,4-2012
Unarmed Assault,2012,5,7,5-2012
Unarmed Assault,2012,6,5,6-2012
Unarmed Assault,2012,7,2,7-2012
Unarmed Assault,2012,8,1,8-2012
Unarmed Assault,2012,9,1,9-2012
Unarmed Assault,2012,10,4,10-2012
Unarmed Assault,2012,11,3,11-2012
Unarmed Assault,2013,1,2,1-2013
Unarmed Assault,2013,3,5,3-2013
Unarmed Assault,2013,4,3,4-2013
Unarmed Assault,2013,5,12,5-2013
Unarmed Assault,2013,6,2,6-2013
Unarmed Assault,2013,7,2,7-2013
Unarmed Assault,2013,8,3,8-2013
Unarmed Assault,2013,9,2,9-2013
Unarmed Assault,2013,10,5,10-2013
Unarmed Assault,2013,11,1,11-2013
Unarmed Assault,2013,12,2,12-2013
Unarmed Assault,2014,1,2,1-2014
Unarmed Assault,2014,2,1,2-2014
Unarmed Assault,2014,3,6,3-2014
Unarmed Assault,2014,4,8,4-2014
Unarmed Assault,2014,5,4,5-2014
Unarmed Assault,2014,6,1,6-2014
Unarmed Assault,2014,7,3,7-2014
Unarmed Assault,2014,8,9,8-2014
Unarmed Assault,2014,9,4,9-2014
Unarmed Assault,2014,10,6,10-2014
Unarmed Assault,2014,11,6,11-2014
Unarmed Assault,2014,12,4,12-2014
Unarmed Assault,2015,1,1,1-2015
Unarmed Assault,2015,2,2,2-2015
Unarmed Assault,2015,3,2,3-2015
Unarmed Assault,2015,4,8,4-2015
Unarmed Assault,2015,5,14,5-2015
Unarmed Assault,2015,6,5,6-2015
Unarmed Assault,2015,7,2,7-2015
Unarmed Assault,2015,8,3,8-2015
Unarmed Assault,2015,9,11,9-2015
Unarmed Assault,2015,10,10,10-2015
Unarmed Assault,2015,11,15,11-2015
Unarmed Assault,2015,12,22,12-2015
Unarmed Assault,2016,1,7,1-2016
Unarmed Assault,2016,2,5,2-2016
Unarmed Assault,2016,3,8,3-2016
Unarmed Assault,2016,4,3,4-2016
Unarmed Assault,2016,5,8,5-2016
Unarmed Assault,2016,6,4,6-2016
Unarmed Assault,2016,7,5,7-2016
Unarmed Assault,2016,8,9,8-2016
Unarmed Assault,2016,9,8,9-2016
Unarmed Assault,2016,10,8,10-2016
Unarmed Assault,2016,11,3,11-2016
Unarmed Assault,2016,12,3,12-2016
Unarmed Assault,2017,1,9,1-2017
Unarmed Assault,2017,2,2,2-2017
Unarmed Assault,2017,3,5,3-2017
Unarmed Assault,2017,4,13,4-2017
Unarmed Assault,2017,5,6,5-2017
Unarmed Assault,2017,6,12,6-2017
Unarmed Assault,2017,7,12,7-2017
Unarmed Assault,2017,8,12,8-2017
Unarmed Assault,2017,9,13,9-2017
Unarmed Assault,2017,10,5,10-2017
Unarmed Assault,2017,11,7,11-2017
Unarmed Assault,2017,12,5,12-2017
Unknown,1997,1,24,1-1997
Unknown,1997,2,15,2-1997
Unknown,1997,3,44,3-1997
Unknown,1997,4,24,4-1997
Unknown,1997,5,14,5-1997
Unknown,1997,6,25,6-1997
Unknown,1997,7,32,7-1997
Unknown,1997,8,39,8-1997
Unknown,1997,9,39,9-1997
Unknown,1997,10,26,10-1997
Unknown,1997,11,29,11-1997
Unknown,1997,12,37,12-1997
Unknown,1998,1,3,1-1998
Unknown,1998,2,2,2-1998
Unknown,1998,4,1,4-1998
Unknown,1998,6,1,6-1998
Unknown,1998,7,3,7-1998
Unknown,1998,8,1,8-1998
Unknown,1998,9,4,9-1998
Unknown,1998,10,2,10-1998
Unknown,1998,11,5,11-1998
Unknown,1998,12,1,12-1998
Unknown,1999,3,1,3-1999
Unknown,1999,4,3,4-1999
Unknown,1999,5,1,5-1999
Unknown,1999,6,16,6-1999
Unknown,1999,7,4,7-1999
Unknown,1999,9,4,9-1999
Unknown,1999,10,6,10-1999
Unknown,1999,11,4,11-1999
Unknown,2000,1,3,1-2000
Unknown,2000,2,2,2-2000
Unknown,2000,4,1,4-2000
Unknown,2000,5,4,5-2000
Unknown,2000,6,4,6-2000
Unknown,2000,7,6,7-2000
Unknown,2000,8,2,8-2000
Unknown,2000,9,6,9-2000
Unknown,2000,10,3,10-2000
Unknown,2000,11,3,11-2000
Unknown,2000,12,9,12-2000
Unknown,2001,1,7,1-2001
Unknown,2001,2,4,2-2001
Unknown,2001,3,6,3-2001
Unknown,2001,4,5,4-2001
Unknown,2001,5,2,5-2001
Unknown,2001,6,3,6-2001
Unknown,2001,7,2,7-2001
Unknown,2001,8,7,8-2001
Unknown,2001,9,3,9-2001
Unknown,2001,10,2,10-2001
Unknown,2001,11,3,11-2001
Unknown,2001,12,1,12-2001
Unknown,2002,2,2,2-2002
Unknown,2002,4,3,4-2002
Unknown,2002,5,5,5-2002
Unknown,2002,6,1,6-2002
Unknown,2002,7,2,7-2002
Unknown,2002,8,1,8-2002
Unknown,2002,9,3,9-2002
Unknown,2002,10,2,10-2002
Unknown,2002,11,2,11-2002
Unknown,2002,12,4,12-2002
Unknown,2003,1,3,1-2003
Unknown,2003,2,2,2-2003
Unknown,2003,4,3,4-2003
Unknown,2003,5,9,5-2003
Unknown,2003,6,1,6-2003
Unknown,2003,7,3,7-2003
Unknown,2003,11,6,11-2003
Unknown,2004,1,2,1-2004
Unknown,2004,2,1,2-2004
Unknown,2004,5,5,5-2004
Unknown,2004,6,11,6-2004
Unknown,2004,7,3,7-2004
Unknown,2004,8,3,8-2004
Unknown,2004,9,1,9-2004
Unknown,2005,1,5,1-2005
Unknown,2005,2,6,2-2005
Unknown,2005,3,1,3-2005
Unknown,2005,4,2,4-2005
Unknown,2005,5,4,5-2005
Unknown,2005,6,5,6-2005
Unknown,2005,7,2,7-2005
Unknown,2005,8,1,8-2005
Unknown,2005,9,4,9-2005
Unknown,2005,10,2,10-2005
Unknown,2005,12,6,12-2005
Unknown,2006,1,5,1-2006
Unknown,2006,2,3,2-2006
Unknown,2006,3,1,3-2006
Unknown,2006,4,6,4-2006
Unknown,2006,5,4,5-2006
Unknown,2006,6,6,6-2006
Unknown,2006,7,2,7-2006
Unknown,2006,8,5,8-2006
Unknown,2006,9,3,9-2006
Unknown,2006,10,2,10-2006
Unknown,2006,11,1,11-2006
Unknown,2006,12,1,12-2006
Unknown,2007,1,1,1-2007
Unknown,2007,2,2,2-2007
Unknown,2007,3,5,3-2007
Unknown,2007,4,2,4-2007
Unknown,2007,5,1,5-2007
Unknown,2007,6,1,6-2007
Unknown,2007,7,2,7-2007
Unknown,2007,9,2,9-2007
Unknown,2007,10,1,10-2007
Unknown,2007,11,12,11-2007
Unknown,2007,12,1,12-2007
Unknown,2008,1,9,1-2008
Unknown,2008,2,1,2-2008
Unknown,2008,3,9,3-2008
Unknown,2008,4,13,4-2008
Unknown,2008,5,15,5-2008
Unknown,2008,6,15,6-2008
Unknown,2008,7,5,7-2008
Unknown,2008,8,9,8-2008
Unknown,2008,9,1,9-2008
Unknown,2008,10,6,10-2008
Unknown,2008,11,6,11-2008
Unknown,2008,12,17,12-2008
Unknown,2009,1,14,1-2009
Unknown,2009,2,7,2-2009
Unknown,2009,3,13,3-2009
Unknown,2009,4,15,4-2009
Unknown,2009,5,14,5-2009
Unknown,2009,6,11,6-2009
Unknown,2009,7,26,7-2009
Unknown,2009,8,11,8-2009
Unknown,2009,9,9,9-2009
Unknown,2009,10,10,10-2009
Unknown,2009,11,3,11-2009
Unknown,2009,12,4,12-2009
Unknown,2010,2,10,2-2010
Unknown,2010,3,10,3-2010
Unknown,2010,4,4,4-2010
Unknown,2010,5,16,5-2010
Unknown,2010,6,8,6-2010
Unknown,2010,7,7,7-2010
Unknown,2010,8,8,8-2010
Unknown,2010,9,16,9-2010
Unknown,2010,10,13,10-2010
Unknown,2010,11,12,11-2010
Unknown,2010,12,12,12-2010
Unknown,2011,1,8,1-2011
Unknown,2011,2,4,2-2011
Unknown,2011,3,4,3-2011
Unknown,2011,4,9,4-2011
Unknown,2011,5,12,5-2011
Unknown,2011,6,9,6-2011
Unknown,2011,7,9,7-2011
Unknown,2011,8,9,8-2011
Unknown,2011,9,11,9-2011
Unknown,2011,10,14,10-2011
Unknown,2011,11,20,11-2011
Unknown,2011,12,4,12-2011
Unknown,2012,1,15,1-2012
Unknown,2012,2,14,2-2012
Unknown,2012,3,17,3-2012
Unknown,2012,4,22,4-2012
Unknown,2012,5,24,5-2012
Unknown,2012,6,12,6-2012
Unknown,2012,7,17,7-2012
Unknown,2012,8,16,8-2012
Unknown,2012,9,12,9-2012
Unknown,2012,10,14,10-2012
Unknown,2012,11,10,11-2012
Unknown,2012,12,9,12-2012
Unknown,2013,1,12,1-2013
Unknown,2013,2,8,2-2013
Unknown,2013,3,19,3-2013
Unknown,2013,4,19,4-2013
Unknown,2013,5,18,5-2013
Unknown,2013,6,14,6-2013
Unknown,2013,7,29,7-2013
Unknown,2013,8,21,8-2013
Unknown,2013,9,17,9-2013
Unknown,2013,10,39,10-2013
Unknown,2013,11,27,11-2013
Unknown,2013,12,33,12-2013
Unknown,2014,1,30,1-2014
Unknown,2014,2,46,2-2014
Unknown,2014,3,52,3-2014
Unknown,2014,4,56,4-2014
Unknown,2014,5,65,5-2014
Unknown,2014,6,58,6-2014
Unknown,2014,7,93,7-2014
Unknown,2014,8,66,8-2014
Unknown,2014,9,86,9-2014
Unknown,2014,10,103,10-2014
Unknown,2014,11,68,11-2014
Unknown,2014,12,61,12-2014
Unknown,2015,1,69,1-2015
Unknown,2015,2,61,2-2015
Unknown,2015,3,49,3-2015
Unknown,2015,4,82,4-2015
Unknown,2015,5,64,5-2015
Unknown,2015,6,73,6-2015
Unknown,2015,7,82,7-2015
Unknown,2015,8,88,8-2015
Unknown,2015,9,91,9-2015
Unknown,2015,10,67,10-2015
Unknown,2015,11,97,11-2015
Unknown,2015,12,68,12-2015
Unknown,2016,1,45,1-2016
Unknown,2016,2,66,2-2016
Unknown,2016,3,81,3-2016
Unknown,2016,4,78,4-2016
Unknown,2016,5,108,5-2016
Unknown,2016,6,84,6-2016
Unknown,2016,7,87,7-2016
Unknown,2016,8,74,8-2016
Unknown,2016,9,66,9-2016
Unknown,2016,10,102,10-2016
Unknown,2016,11,65,11-2016
Unknown,2016,12,66,12-2016
Unknown,2017,1,65,1-2017
Unknown,2017,2,54,2-2017
Unknown,2017,3,63,3-2017
Unknown,2017,4,42,4-2017
Unknown,2017,5,93,5-2017
Unknown,2017,6,80,6-2017
Unknown,2017,7,100,7-2017
Unknown,2017,8,80,8-2017
Unknown,2017,9,68,9-2017
Unknown,2017,10,52,10-2017
Unknown,2017,11,66,11-2017
Unknown,2017,12,62,12-2017
